{"nm":"newScene","ddd":0,"h":160,"w":160,"meta":{"g":"@lottiefiles/toolkit-js 0.33.2"},"layers":[{"ty":0,"nm":"logo","sr":1,"st":0,"op":100,"ip":0,"hd":false,"ddd":0,"bm":0,"hasMask":false,"td":1,"ao":0,"ks":{"a":{"a":0,"k":[700,400,0]},"s":{"a":0,"k":[10.286,10.286,100]},"sk":{"a":0,"k":0},"p":{"a":0,"k":[80,80,0]},"r":{"a":0,"k":0},"sa":{"a":0,"k":0},"o":{"a":0,"k":100}},"ef":[],"w":1400,"h":800,"refId":"comp_1","ind":1},{"ty":1,"nm":"Dark Gray Solid 1","sr":1,"st":0,"op":100,"ip":0,"hd":false,"ddd":0,"bm":0,"tt":3,"hasMask":false,"ao":0,"ks":{"a":{"a":0,"k":[700,400,0]},"s":{"a":0,"k":[100,100,100]},"sk":{"a":0,"k":0},"p":{"a":0,"k":[80,80,0]},"r":{"a":0,"k":0},"sa":{"a":0,"k":0},"o":{"a":0,"k":100}},"ef":[],"sc":"#37b24d","sh":800,"sw":1400,"ind":2},{"ty":1,"nm":"White Solid 1","sr":1,"st":0,"op":100,"ip":0,"hd":false,"ddd":0,"bm":0,"hasMask":false,"ao":0,"ks":{"a":{"a":0,"k":[700,400,0]},"s":{"a":0,"k":[100,100,100]},"sk":{"a":0,"k":0},"p":{"a":0,"k":[80,80,0]},"r":{"a":0,"k":0},"sa":{"a":0,"k":0},"o":{"a":0,"k":100}},"ef":[],"sc":"#f2debb","sh":800,"sw":1400,"ind":3}],"v":"4.5.3","fr":20,"op":40,"ip":0,"assets":[{"nm":"","id":"comp_1","layers":[{"ty":4,"nm":"Shape Layer 3","sr":1,"st":0,"op":100,"ip":0,"hd":false,"ddd":0,"bm":0,"hasMask":true,"ao":0,"ks":{"a":{"a":0,"k":[0,0,0]},"s":{"a":0,"k":[100,100,100]},"sk":{"a":0,"k":0},"p":{"a":0,"k":[700,400,0]},"r":{"a":0,"k":0},"sa":{"a":0,"k":0},"o":{"a":1,"k":[{"o":{"x":0.167,"y":0.167},"i":{"x":0.833,"y":0.833},"s":[100],"t":10.4},{"s":[0],"t":25.6}]}},"ef":[],"masksProperties":[{"nm":"Mask 1","inv":true,"mode":"a","x":{"a":0,"k":0},"o":{"a":0,"k":100},"pt":{"a":1,"k":[{"o":{"x":0.167,"y":0.167},"i":{"x":0.833,"y":0.833},"s":[{"c":true,"i":[[134.688,0],[0,-134.688],[-134.688,0],[0,134.688]],"o":[[-134.688,0],[0,134.688],[134.688,0],[0,-134.688]],"v":[[0,-244.875],[-243.875,-1],[0,242.875],[243.875,-1]]}],"t":12},{"s":[{"c":true,"i":[[176.731,0],[0,-176.731],[-176.731,0],[0,176.731]],"o":[[-176.731,0],[0,176.731],[176.731,0],[0,-176.731]],"v":[[0,-321],[-320,-1],[0,319],[320,-1]]}],"t":22.4}]}}],"shapes":[{"ty":"gr","bm":0,"hd":false,"mn":"ADBE Vector Group","nm":"Shape 1","np":4,"it":[{"ty":"sh","bm":0,"hd":false,"mn":"ADBE Vector Shape - Group","nm":"Path 1","d":1,"ks":{"a":0,"k":{"c":false,"i":[[0,0],[-24.109,-23.866],[-58.097,2.286],[-4.307,101.702],[108.95,-0.605],[0,0],[36.992,-44.122],[100.991,-5.514],[22.177,25.867],[6.132,116.1],[-41.842,62.08],[-30.638,10.829],[-51.58,-26.549],[0,0]],"o":[[0,0],[24.109,23.866],[74.937,-2.949],[5.422,-128.032],[-88.536,0.492],[0,0],[-17.89,21.338],[-138.946,7.586],[-22.174,-25.864],[-2.384,-45.141],[41.572,-61.679],[77.499,-27.393],[92.496,47.608],[0,0]],"v":[[116,52],[197.891,144.134],[328.097,197.714],[497.578,23.032],[311.536,-190.492],[139.357,-79.71],[-73.007,190.878],[-281.054,311.414],[-531.052,222.093],[-620.132,10.9],[-568.112,-177.098],[-425.186,-291.697],[-199.496,-289.608],[-46,-153]]}}},{"ty":"sh","bm":0,"hd":false,"mn":"ADBE Vector Shape - Group","nm":"Path 2","d":1,"ks":{"a":0,"k":{"c":false,"i":[[-44,-50],[-152,2],[-63.813,80.106],[89,81],[84,0],[52,-59],[38,-40],[81,0],[-1.027,116.034],[-81,0],[-31,-36],[0,0]],"o":[[44,50],[105.034,-1.382],[94,-118],[-79.495,-72.35],[-84,0],[-52,59],[-36.789,38.725],[-61.033,0],[1,-113],[81,0],[31,36],[0,0]],"v":[[41,152],[302,310],[554,190],[536,-217],[307,-309],[84,-198],[-176,130],[-327,196],[-500,-3],[-330,-192],[-183,-127],[-120,-57]]}}},{"ty":"tm","bm":0,"hd":false,"mn":"ADBE Vector Filter - Trim","nm":"Trim Paths 1","ix":3,"e":{"a":1,"k":[{"o":{"x":0.167,"y":0.167},"i":{"x":0.833,"y":0.833},"s":[30],"t":8.8},{"s":[60],"t":22.4}],"ix":2},"o":{"a":0,"k":-110,"ix":3},"s":{"a":1,"k":[{"o":{"x":0.167,"y":0.167},"i":{"x":0.833,"y":0.833},"s":[30],"t":8.8},{"s":[0],"t":22.4}],"ix":1},"m":1},{"ty":"st","bm":0,"hd":false,"mn":"ADBE Vector Graphic - Stroke","nm":"Stroke 1","lc":2,"lj":2,"ml":1,"o":{"a":0,"k":100},"w":{"a":0,"k":11},"c":{"a":0,"k":[1,1,1]}},{"ty":"tr","a":{"a":0,"k":[0,0],"ix":1},"s":{"a":0,"k":[100,100],"ix":3},"sk":{"a":0,"k":0,"ix":4},"p":{"a":0,"k":[0,0],"ix":2},"r":{"a":0,"k":0,"ix":6},"sa":{"a":0,"k":0,"ix":5},"o":{"a":0,"k":100,"ix":7}}]}],"ind":1},{"ty":4,"nm":"Shape Layer 2","sr":1,"st":0,"op":100,"ip":0,"hd":false,"ddd":0,"bm":0,"hasMask":false,"ao":0,"ks":{"a":{"a":0,"k":[0,0,0]},"s":{"a":0,"k":[100,100,100]},"sk":{"a":0,"k":0},"p":{"a":0,"k":[700,400,0]},"r":{"a":0,"k":0},"sa":{"a":0,"k":0},"o":{"a":0,"k":100}},"ef":[],"shapes":[{"ty":"gr","bm":0,"hd":false,"mn":"ADBE Vector Group","nm":"Shape 1","np":4,"it":[{"ty":"sh","bm":0,"hd":false,"mn":"ADBE Vector Shape - Group","nm":"Path 1","d":1,"ks":{"a":0,"k":{"c":false,"i":[[0,0],[-24.109,-23.866],[-58.097,2.286],[-4.307,101.702],[108.95,-0.605],[0,0],[36.992,-44.122],[100.991,-5.514],[22.177,25.867],[6.132,116.1],[-41.842,62.08],[-30.638,10.829],[-51.58,-26.549],[0,0]],"o":[[0,0],[24.109,23.866],[74.937,-2.949],[5.422,-128.032],[-88.536,0.492],[0,0],[-17.89,21.338],[-138.946,7.586],[-22.174,-25.864],[-2.384,-45.141],[41.572,-61.679],[77.499,-27.393],[92.496,47.608],[0,0]],"v":[[116,52],[197.891,144.134],[328.097,197.714],[497.578,23.032],[311.536,-190.492],[139.357,-79.71],[-73.007,190.878],[-281.054,311.414],[-531.052,222.093],[-620.132,10.9],[-568.112,-177.098],[-425.186,-291.697],[-199.496,-289.608],[-46,-153]]}}},{"ty":"sh","bm":0,"hd":false,"mn":"ADBE Vector Shape - Group","nm":"Path 2","d":1,"ks":{"a":0,"k":{"c":false,"i":[[-44,-50],[-152,2],[-63.813,80.106],[89,81],[84,0],[52,-59],[38,-40],[81,0],[-1.027,116.034],[-81,0],[-31,-36],[0,0]],"o":[[44,50],[105.034,-1.382],[94,-118],[-79.495,-72.35],[-84,0],[-52,59],[-36.789,38.725],[-61.033,0],[1,-113],[81,0],[31,36],[0,0]],"v":[[41,152],[302,310],[554,190],[536,-217],[307,-309],[84,-198],[-176,130],[-327,196],[-500,-3],[-330,-192],[-183,-127],[-120,-57]]}}},{"ty":"tm","bm":0,"hd":false,"mn":"ADBE Vector Filter - Trim","nm":"Trim Paths 1","ix":3,"e":{"a":0,"k":26,"ix":2},"o":{"a":1,"k":[{"o":{"x":0.167,"y":0.167},"i":{"x":0.833,"y":0.833},"s":[0],"t":0},{"o":{"x":0.167,"y":0.167},"i":{"x":0.833,"y":0.833},"s":[360],"t":40},{"s":[720],"t":80}],"ix":3},"s":{"a":0,"k":0,"ix":1},"m":1},{"ty":"st","bm":0,"hd":false,"mn":"ADBE Vector Graphic - Stroke","nm":"Stroke 1","lc":2,"lj":2,"ml":1,"o":{"a":0,"k":100},"w":{"a":0,"k":11},"c":{"a":0,"k":[1,1,1]}},{"ty":"tr","a":{"a":0,"k":[0,0],"ix":1},"s":{"a":0,"k":[100,100],"ix":3},"sk":{"a":0,"k":0,"ix":4},"p":{"a":0,"k":[0,0],"ix":2},"r":{"a":0,"k":0,"ix":6},"sa":{"a":0,"k":0,"ix":5},"o":{"a":0,"k":100,"ix":7}}]}],"ind":2},{"ty":4,"nm":"Shape Layer 1","sr":1,"st":0,"op":100,"ip":0,"hd":false,"ddd":0,"bm":0,"hasMask":false,"ao":0,"ks":{"a":{"a":0,"k":[0,0,0]},"s":{"a":0,"k":[102,102,100]},"sk":{"a":0,"k":0},"p":{"a":0,"k":[700,400,0]},"r":{"a":0,"k":0},"sa":{"a":0,"k":0},"o":{"a":0,"k":100}},"ef":[],"shapes":[{"ty":"gr","bm":0,"hd":false,"mn":"ADBE Vector Group","nm":"Shape 1","np":4,"it":[{"ty":"sh","bm":0,"hd":false,"mn":"ADBE Vector Shape - Group","nm":"Path 2","d":1,"ks":{"a":0,"k":{"c":false,"i":[[0,0],[0,0],[0,0],[0,0],[0,0],[0,0],[0,0],[0,0],[0,0],[0,0],[0,0],[0,0],[0,0],[0,0],[0,0],[0,0],[0,0],[0,0],[0,0],[0,0],[0,0],[0,0],[0,0],[0,0],[0,0],[0,0],[0,0],[0,0]],"o":[[0,0],[0,0],[0,0],[0,0],[0,0],[0,0],[0,0],[0,0],[0,0],[0,0],[0,0],[0,0],[0,0],[0,0],[0,0],[0,0],[0,0],[0,0],[0,0],[0,0],[0,0],[0,0],[0,0],[0,0],[0,0],[0,0],[0,0],[0,0]],"v":[[41.593,144.622],[169.506,119.927],[189.109,279.448],[324.733,198.952],[451.572,261.435],[464.308,109.882],[591.263,63.386],[489.394,-41.116],[545.422,-183.975],[401.99,-165.308],[315.929,-299.146],[228.713,-166.646],[75.238,-178.354],[75.296,-7.911],[-76.402,13.881],[-74.277,186.236],[-211.124,169.355],[-300.932,303.028],[-390.031,173.297],[-533.818,195.069],[-486.799,51.51],[-603.444,-31.631],[-472.297,-92.031],[-477.325,-249.524],[-333.828,-192.011],[-212.105,-287.275],[-181.109,-134.238],[-48.486,-147.583]]}}},{"ty":"tm","bm":0,"hd":false,"mn":"ADBE Vector Filter - Trim","nm":"Trim Paths 1","ix":3,"e":{"a":0,"k":22,"ix":2},"o":{"a":1,"k":[{"o":{"x":0.167,"y":0.167},"i":{"x":0.833,"y":0.833},"s":[0],"t":0},{"o":{"x":0.167,"y":0.167},"i":{"x":0.833,"y":0.833},"s":[360],"t":40},{"s":[720],"t":80}],"ix":3},"s":{"a":0,"k":0,"ix":1},"m":1},{"ty":"st","bm":0,"hd":false,"mn":"ADBE Vector Graphic - Stroke","nm":"Stroke 1","lc":2,"lj":2,"ml":1,"o":{"a":0,"k":100},"w":{"a":0,"k":10},"c":{"a":0,"k":[1,1,1]}},{"ty":"tr","a":{"a":0,"k":[0,0],"ix":1},"s":{"a":0,"k":[100,100],"ix":3},"sk":{"a":0,"k":0,"ix":4},"p":{"a":0,"k":[0,0],"ix":2},"r":{"a":0,"k":0,"ix":6},"sa":{"a":0,"k":0,"ix":5},"o":{"a":0,"k":100,"ix":7}}]}],"ind":3},{"ty":4,"nm":"Shape Layer 5","sr":1,"st":-33.6,"op":90.4,"ip":-33.6,"hd":false,"ddd":0,"bm":0,"hasMask":false,"ao":0,"ks":{"a":{"a":0,"k":[0,0,0]},"s":{"a":0,"k":[100,100,100]},"sk":{"a":0,"k":0},"p":{"a":0,"k":[700,400,0]},"r":{"a":0,"k":0},"sa":{"a":0,"k":0},"o":{"a":0,"k":18}},"ef":[],"shapes":[{"ty":"gr","bm":0,"hd":false,"mn":"ADBE Vector Group","nm":"Shape 1","np":4,"it":[{"ty":"sh","bm":0,"hd":false,"mn":"ADBE Vector Shape - Group","nm":"Path 1","d":1,"ks":{"a":0,"k":{"c":false,"i":[[0,0],[-24.109,-23.866],[-58.097,2.286],[-4.307,101.702],[108.95,-0.605],[0,0],[36.992,-44.122],[100.991,-5.514],[22.177,25.867],[6.132,116.1],[-41.842,62.08],[-30.638,10.829],[-51.58,-26.549],[0,0]],"o":[[0,0],[24.109,23.866],[74.937,-2.949],[5.422,-128.032],[-88.536,0.492],[0,0],[-17.89,21.338],[-138.946,7.586],[-22.174,-25.864],[-2.384,-45.141],[41.572,-61.679],[77.499,-27.393],[92.496,47.608],[0,0]],"v":[[116,52],[197.891,144.134],[328.097,197.714],[497.578,23.032],[311.536,-190.492],[139.357,-79.71],[-73.007,190.878],[-281.054,311.414],[-531.052,222.093],[-620.132,10.9],[-568.112,-177.098],[-425.186,-291.697],[-199.496,-289.608],[-46,-153]]}}},{"ty":"sh","bm":0,"hd":false,"mn":"ADBE Vector Shape - Group","nm":"Path 2","d":1,"ks":{"a":0,"k":{"c":false,"i":[[-44,-50],[-152,2],[-63.813,80.106],[89,81],[84,0],[52,-59],[38,-40],[81,0],[-1.027,116.034],[-81,0],[-31,-36],[0,0]],"o":[[44,50],[105.034,-1.382],[94,-118],[-79.495,-72.35],[-84,0],[-52,59],[-36.789,38.725],[-61.033,0],[1,-113],[81,0],[31,36],[0,0]],"v":[[41,152],[302,310],[554,190],[536,-217],[307,-309],[84,-198],[-176,130],[-327,196],[-500,-3],[-330,-192],[-183,-127],[-120,-57]]}}},{"ty":"tm","bm":0,"hd":false,"mn":"ADBE Vector Filter - Trim","nm":"Trim Paths 1","ix":3,"e":{"a":0,"k":26,"ix":2},"o":{"a":1,"k":[{"o":{"x":0.167,"y":0.167},"i":{"x":0.833,"y":0.833},"s":[0],"t":-33.6},{"o":{"x":0.167,"y":0.167},"i":{"x":0.833,"y":0.833},"s":[360],"t":6.4},{"o":{"x":0.167,"y":0.167},"i":{"x":0.833,"y":0.833},"s":[720],"t":46.4},{"s":[1080],"t":86.4}],"ix":3},"s":{"a":0,"k":0,"ix":1},"m":1},{"ty":"st","bm":0,"hd":false,"mn":"ADBE Vector Graphic - Stroke","nm":"Stroke 1","lc":2,"lj":2,"ml":1,"o":{"a":0,"k":100},"w":{"a":0,"k":11},"c":{"a":0,"k":[1,1,1]}},{"ty":"tr","a":{"a":0,"k":[0,0],"ix":1},"s":{"a":0,"k":[100,100],"ix":3},"sk":{"a":0,"k":0,"ix":4},"p":{"a":0,"k":[0,0],"ix":2},"r":{"a":0,"k":0,"ix":6},"sa":{"a":0,"k":0,"ix":5},"o":{"a":0,"k":100,"ix":7}}]}],"ind":4},{"ty":4,"nm":"Shape Layer 4","sr":1,"st":-33.6,"op":90.4,"ip":-33.6,"hd":false,"ddd":0,"bm":0,"hasMask":false,"ao":0,"ks":{"a":{"a":0,"k":[0,0,0]},"s":{"a":0,"k":[102,102,100]},"sk":{"a":0,"k":0},"p":{"a":0,"k":[700,400,0]},"r":{"a":0,"k":0},"sa":{"a":0,"k":0},"o":{"a":0,"k":18}},"ef":[],"shapes":[{"ty":"gr","bm":0,"hd":false,"mn":"ADBE Vector Group","nm":"Shape 1","np":4,"it":[{"ty":"sh","bm":0,"hd":false,"mn":"ADBE Vector Shape - Group","nm":"Path 2","d":1,"ks":{"a":0,"k":{"c":false,"i":[[0,0],[0,0],[0,0],[0,0],[0,0],[0,0],[0,0],[0,0],[0,0],[0,0],[0,0],[0,0],[0,0],[0,0],[0,0],[0,0],[0,0],[0,0],[0,0],[0,0],[0,0],[0,0],[0,0],[0,0],[0,0],[0,0],[0,0],[0,0]],"o":[[0,0],[0,0],[0,0],[0,0],[0,0],[0,0],[0,0],[0,0],[0,0],[0,0],[0,0],[0,0],[0,0],[0,0],[0,0],[0,0],[0,0],[0,0],[0,0],[0,0],[0,0],[0,0],[0,0],[0,0],[0,0],[0,0],[0,0],[0,0]],"v":[[41.593,144.622],[169.506,119.927],[189.109,279.448],[324.733,198.952],[451.572,261.435],[464.308,109.882],[591.263,63.386],[489.394,-41.116],[545.422,-183.975],[401.99,-165.308],[315.929,-299.146],[228.713,-166.646],[75.238,-178.354],[75.296,-7.911],[-76.402,13.881],[-74.277,186.236],[-211.124,169.355],[-300.932,303.028],[-390.031,173.297],[-533.818,195.069],[-486.799,51.51],[-603.444,-31.631],[-472.297,-92.031],[-477.325,-249.524],[-333.828,-192.011],[-212.105,-287.275],[-181.109,-134.238],[-48.486,-147.583]]}}},{"ty":"tm","bm":0,"hd":false,"mn":"ADBE Vector Filter - Trim","nm":"Trim Paths 1","ix":3,"e":{"a":0,"k":22,"ix":2},"o":{"a":1,"k":[{"o":{"x":0.167,"y":0.167},"i":{"x":0.833,"y":0.833},"s":[0],"t":-33.6},{"o":{"x":0.167,"y":0.167},"i":{"x":0.833,"y":0.833},"s":[360],"t":6.4},{"o":{"x":0.167,"y":0.167},"i":{"x":0.833,"y":0.833},"s":[720],"t":46.4},{"s":[1080],"t":86.4}],"ix":3},"s":{"a":0,"k":0,"ix":1},"m":1},{"ty":"st","bm":0,"hd":false,"mn":"ADBE Vector Graphic - Stroke","nm":"Stroke 1","lc":2,"lj":2,"ml":1,"o":{"a":0,"k":100},"w":{"a":0,"k":10},"c":{"a":0,"k":[1,1,1]}},{"ty":"tr","a":{"a":0,"k":[0,0],"ix":1},"s":{"a":0,"k":[100,100],"ix":3},"sk":{"a":0,"k":0,"ix":4},"p":{"a":0,"k":[0,0],"ix":2},"r":{"a":0,"k":0,"ix":6},"sa":{"a":0,"k":0,"ix":5},"o":{"a":0,"k":100,"ix":7}}]}],"ind":5}]}]}